R;Spieler;Team;Pos;GP;G;A;A1;A2;GWG;EQG;EQA;PPG;PPA;SHG;SHA
1;Sprunger Julien;Fribourg-Gottéron;Stürmer;49;27;24;14;10;5;22;18;5;6;0;0
2;Taticek Petr;HC Davos;Stürmer;49;26;15;14;1;4;19;11;5;2;2;2
3;Brunner Damien;EV Zug;Stürmer;45;24;36;26;10;1;19;20;4;15;1;1
4;Tambellini Jeff;ZSC Lions;Stürmer;50;23;22;17;5;4;15;15;4;5;4;2
5;Ritchie Byron;SC Bern;Stürmer;47;22;21;7;14;5;16;11;5;10;1;0
6;Sykora Petr;HC Davos;Stürmer;46;21;28;20;8;6;14;19;4;8;3;1
7;Liniger Michael;Kloten Flyers;Stürmer;50;21;20;10;10;7;14;13;6;6;1;1
8;Gamache Simon;Fribourg-Gottéron;Stürmer;50;20;25;11;14;3;12;19;7;4;1;2
9;Stancescu Victor;Kloten Flyers;Stürmer;48;20;16;11;5;3;13;13;6;3;1;0
10;Bürgler Dario;HC Davos;Stürmer;46;20;10;4;6;3;14;7;6;3;0;0
11;Sejna Peter;HC Davos;Stürmer;49;19;16;12;4;3;14;14;2;2;3;0
12;Romy Kevin;HC Lugano;Stürmer;44;18;21;10;11;5;11;11;6;9;1;1
13;Moser Simon;SCL Tigers;Stürmer;50;18;16;8;8;2;12;12;6;3;0;1
14;Berger Pascal;SC Bern;Stürmer;50;18;14;6;8;3;12;10;6;4;0;0
15;Fata Rico;Genève-Servette HC;Stürmer;50;17;16;11;5;5;8;14;6;2;3;0
16;Bednar Jaroslav;HC Lugano;Stürmer;45;16;34;17;17;2;7;21;8;11;1;2
17;Rosa Pavel;Fribourg-Gottéron;Stürmer;35;16;23;15;8;5;13;12;2;9;1;2
18;Holden Josh;EV Zug;Stürmer;39;16;21;12;9;4;8;12;8;9;0;0
19;Rintanen Kimmo;HC Lugano;Stürmer;42;16;20;13;7;3;11;11;5;9;0;0
20;Steiner Daniel;HC Lugano;Stürmer;50;16;19;10;9;1;8;14;8;5;0;0
21;Plüss Benny;Fribourg-Gottéron;Stürmer;48;15;27;12;15;3;11;20;4;7;0;0
22;Christen Björn;EV Zug;Stürmer;49;15;24;18;6;4;6;16;9;8;0;0
23;Metropolit Glen;EV Zug;Stürmer;42;15;21;12;9;8;13;13;2;8;0;0
24;Spylo Ahren;EHC Biel;Stürmer;45;15;15;10;5;4;12;12;3;3;0;0
25;Bordeleau Sébastien;EHC Biel;Stürmer;42;15;14;8;6;1;8;8;7;6;0;0
26;McLean Kurtis;SCL Tigers;Stürmer;49;14;28;14;14;1;11;19;1;9;2;0
27;Pelletier Pascal;SCL Tigers;Stürmer;43;14;22;16;6;3;11;15;2;5;1;2
28;Domenichelli Hnat;HC Lugano;Stürmer;48;14;19;13;6;1;10;6;3;12;1;1
29;Ambühl Andres;ZSC Lions;Stürmer;48;14;17;6;11;4;12;13;2;2;0;2
30;Schnyder Fabian;EV Zug;Stürmer;50;14;13;4;9;1;13;13;0;0;1;0
31;Polak Vojtech;SCL Tigers;Stürmer;44;13;14;11;3;2;8;12;5;2;0;0
32;Pittis Domenico;ZSC Lions;Stürmer;49;12;19;6;13;2;8;15;3;4;1;0
33;Perrault Joel;HC Ambri-Piotta;Stürmer;50;12;17;12;5;1;8;9;3;8;1;0
34;Rubin Daniel;Genève-Servette HC;Stürmer;50;12;17;5;12;2;9;9;3;8;0;0
35;Pirnes Esa;EV Zug;Stürmer;29;12;14;7;7;1;8;11;4;3;0;0
36;Jenni Marcel;Kloten Flyers;Stürmer;48;12;12;3;9;1;10;11;0;1;2;0
37;Wozniewski Andy;EV Zug;Verteidiger;47;11;23;11;12;0;8;13;3;10;0;0
38;Gardner Ryan;SC Bern;Stürmer;49;11;21;13;8;1;5;15;5;6;1;0
39;Plüss Martin;SC Bern;Stürmer;49;11;18;13;5;3;9;11;2;7;0;0
40;Cunti Luca;ZSC Lions;Stürmer;35;11;13;11;2;0;7;11;3;2;0;0
41;Suri Reto;SC Rapperswil-Jona Lakers;Stürmer;50;11;12;9;3;2;5;6;5;6;1;0
42;Beaudoin Eric;EHC Biel;Stürmer;50;11;12;7;5;4;8;8;3;4;0;0
43;Wick Roman;Kloten Flyers;Stürmer;34;11;10;4;6;1;9;7;2;3;0;0
44;Vermin Joël;SC Bern;Stürmer;33;11;9;7;2;3;9;8;2;1;0;0
45;Simek Juraj;Genève-Servette HC;Stürmer;50;11;9;6;3;2;11;7;0;2;0;0
46;Bärtschi Patrik;ZSC Lions;Stürmer;48;11;7;4;3;2;9;7;2;0;0;0
47;Walser Samuel;Kloten Flyers;Stürmer;46;11;1;1;0;2;11;1;0;0;0;0
48;Von Arx Reto;HC Davos;Stürmer;46;10;30;16;14;5;8;18;0;10;2;2
49;Lindemann Sven;EV Zug;Stürmer;50;10;16;11;5;2;6;12;4;3;0;1
50;Pestoni Inti;HC Ambri-Piotta;Stürmer;38;10;16;10;6;1;7;11;3;5;0;0
51;Wieser Dino;HC Davos;Stürmer;30;10;5;4;1;2;7;5;3;0;0;0
52;Moggi Claudio;SCL Tigers;Stürmer;42;10;5;2;3;1;8;4;2;1;0;0
53;Savary Paul;Genève-Servette HC;Stürmer;27;10;2;2;0;1;9;2;0;0;1;0
54;Santala Tommi;Kloten Flyers;Stürmer;47;9;35;18;17;2;6;17;3;18;0;0
55;Mieville Alain;EHC Biel;Stürmer;50;9;25;17;8;1;6;15;3;10;0;0
56;Jeannin Sandy;Fribourg-Gottéron;Stürmer;38;9;24;17;7;2;5;19;4;5;0;0
57;Rüthemann Ivo;SC Bern;Stürmer;50;9;16;7;9;1;6;10;3;6;0;0
58;Salmelainen Tony;Genève-Servette HC;Stürmer;30;9;14;13;1;0;8;4;0;7;1;3
59;Sciaroni Gregory;HC Davos;Stürmer;49;9;14;7;7;2;6;13;3;1;0;0
60;Wieser Marc;EHC Biel;Stürmer;46;9;11;8;3;0;8;8;1;3;0;0
61;Hirschi Steve;HC Lugano;Verteidiger;40;9;11;6;5;2;3;5;5;5;1;1
62;Bieber Matthias;Kloten Flyers;Stürmer;43;9;9;7;2;1;3;6;6;2;0;1
63;Kutlak Zdenek;HC Ambri-Piotta;Verteidiger;44;9;9;5;4;1;4;4;5;5;0;0
64;Bastl Mark;ZSC Lions;Stürmer;50;9;8;6;2;3;8;7;1;1;0;0
65;Marha Josef;HC Davos;Stürmer;40;9;8;4;4;0;5;8;4;0;0;0
66;Sutter Fabian;EV Zug;Stürmer;47;9;6;4;2;4;8;5;1;0;0;1
67;Lemm Romano;Kloten Flyers;Stürmer;18;9;6;4;2;1;6;2;3;3;0;1
68;Bykov Andrey;Fribourg-Gottéron;Stürmer;36;8;29;17;12;2;7;22;1;7;0;0
69;Dubé Christian;Fribourg-Gottéron;Stürmer;40;8;28;13;15;0;5;16;2;10;1;2
70;Dumont Jean-Pierre;SC Bern;Stürmer;31;8;23;13;10;0;6;14;2;8;0;1
71;Casutt Corsin;EV Zug;Stürmer;50;8;23;11;12;1;5;15;3;8;0;0
72;Burkhalter Loic;SC Rapperswil-Jona Lakers;Stürmer;50;8;15;9;6;1;6;6;2;8;0;1
73;Walser Derrick;SC Rapperswil-Jona Lakers;Verteidiger;44;8;13;6;7;0;5;8;3;5;0;0
74;Kwiatkowski Joel;SC Bern;Verteidiger;42;8;12;8;4;1;5;7;3;5;0;0
75;Tschantré Mathieu;EHC Biel;Stürmer;49;8;10;7;3;1;6;6;2;4;0;0
76;Bucher Tobias;SCL Tigers;Stürmer;46;8;10;7;3;1;5;10;2;0;1;0
77;Bertschy Christoph;SC Bern;Stürmer;31;8;8;5;3;1;6;5;2;3;0;0
78;Knoepfli Michael;Fribourg-Gottéron;Stürmer;50;8;7;2;5;1;6;6;2;1;0;0
79;Hasani Adam;Fribourg-Gottéron;Stürmer;40;8;4;0;4;0;8;4;0;0;0;0
80;Nummelin Petteri;HC Lugano;Verteidiger;36;7;24;11;13;2;5;12;1;10;1;2
81;Noreau Maxim;HC Ambri-Piotta;Verteidiger;44;7;23;13;10;5;4;12;3;11;0;0
82;Roest Stacy;SC Rapperswil-Jona Lakers;Stürmer;45;7;21;13;8;1;7;12;0;9;0;0
83;Haas Lukas;SCL Tigers;Stürmer;50;7;20;16;4;1;4;16;3;4;0;0
84;Bezina Goran;Genève-Servette HC;Verteidiger;50;7;20;10;10;1;2;10;5;8;0;2
85;Walker Julian;HC Ambri-Piotta;Stürmer;37;7;12;4;8;1;4;6;2;6;1;0
86;Riesen Michel;SC Rapperswil-Jona Lakers;Stürmer;35;7;11;5;6;0;3;7;4;4;0;0
87;Ruefenacht Thomas;EV Zug;Stürmer;43;7;11;4;7;0;6;11;0;0;1;0
88;Murray Jordan;SC Rapperswil-Jona Lakers;Stürmer;30;7;11;2;9;1;3;10;4;1;0;0
89;Botta Roman;HC Ambri-Piotta;Stürmer;48;7;8;5;3;1;3;6;4;2;0;0
90;Vigier Jean-Pierre;SC Bern;Stürmer;37;7;7;4;3;0;6;6;1;1;0;0
91;Kparghai Clarence;EHC Biel;Verteidiger;49;7;6;2;4;3;4;4;3;2;0;0
92;Vauclair Tristan;Fribourg-Gottéron;Stürmer;44;7;4;1;3;1;7;4;0;0;0;0
93;Dupont Micki;Kloten Flyers;Verteidiger;49;6;35;22;13;2;4;19;1;15;1;1
94;Pothier Brian;Genève-Servette HC;Verteidiger;50;6;21;15;6;0;1;14;5;7;0;0
95;Kamber Oliver;HC Lugano;Stürmer;50;6;17;10;7;0;2;11;4;6;0;0
96;Furrer Philippe;SC Bern;Verteidiger;43;6;15;6;9;0;2;9;4;6;0;0
97;Truttmann Marco;EHC Biel;Stürmer;46;6;13;8;5;0;4;11;1;2;1;0
98;Bodenmann Simon;Kloten Flyers;Stürmer;48;6;13;7;6;1;4;11;1;2;1;0
99;Kenins Ronalds;ZSC Lions;Stürmer;47;6;12;8;4;0;6;12;0;0;0;0
100;Camichel Duri;EV Zug;Stürmer;46;6;12;7;5;0;3;11;2;1;1;0
101;Reid Brandon;SC Rapperswil-Jona Lakers;Stürmer;39;6;10;9;1;2;4;5;2;5;0;0
102;Down Blaine;ZSC Lions;Stürmer;24;6;9;5;4;1;5;5;1;4;0;0
103;Conne Flavien;HC Lugano;Stürmer;45;6;9;5;4;0;5;6;0;3;1;0
104;Murray Brady;HC Lugano;Stürmer;23;6;9;4;5;1;5;8;0;1;1;0
105;Bianchi Elias;HC Ambri-Piotta;Stürmer;50;6;8;6;2;1;4;8;2;0;0;0
106;Duca Paolo;HC Ambri-Piotta;Stürmer;33;6;8;4;4;1;1;4;5;4;0;0
107;Raffainer Raeto;HC Ambri-Piotta;Stürmer;50;6;7;5;2;0;4;7;2;0;0;0
108;Haas Gaëtan;EHC Biel;Stürmer;43;6;7;4;3;0;6;7;0;0;0;0
109;Friedli Samuel;Genève-Servette HC;Stürmer;49;6;7;3;4;0;6;6;0;0;0;1
110;Froidevaux Etienne;SC Bern;Stürmer;50;6;4;2;2;2;6;4;0;0;0;0
111;Rizzello Antonio;SC Rapperswil-Jona Lakers;Stürmer;49;6;3;2;1;0;5;3;0;0;1;0
112;Forster Beat;HC Davos;Verteidiger;37;5;20;11;9;1;3;8;1;11;1;1
113;Blindenbacher Severin;ZSC Lions;Verteidiger;40;5;17;7;10;1;4;12;1;3;0;2
114;Monnet Thibaut;ZSC Lions;Stürmer;48;5;16;12;4;2;5;13;0;3;0;0
115;Trachsler Morris;Genève-Servette HC;Stürmer;49;5;12;6;6;1;5;10;0;0;0;2
116;Lüthi Fabian;EV Zug;Stürmer;45;5;12;6;6;0;5;12;0;0;0;0
117;Loeffel Romain;Fribourg-Gottéron;Verteidiger;49;5;12;6;6;2;2;7;3;5;0;0
118;Blum Eric-Ray;Kloten Flyers;Verteidiger;39;5;12;5;7;1;2;9;3;3;0;0
119;Nylander Michael;Kloten Flyers;Stürmer;23;5;10;6;4;2;4;6;0;4;1;0
120;Chiesa Alessandro;EV Zug;Verteidiger;48;5;9;7;2;0;5;9;0;0;0;0
121;Gerber Adrian;SCL Tigers;Stürmer;50;5;8;6;2;2;4;8;1;0;0;0
122;Walsky Eric;Genève-Servette HC;Stürmer;21;5;7;6;1;1;3;4;2;3;0;0
123;Mercier Jonathan;Genève-Servette HC;Verteidiger;45;5;7;4;3;0;4;5;1;2;0;0
124;Lakhmatov Vitaly;HC Ambri-Piotta;Stürmer;39;5;7;4;3;1;3;3;2;4;0;0
125;Rytz Philippe;SCL Tigers;Verteidiger;44;5;7;2;5;2;4;4;1;2;0;1
126;Kariya Martin;HC Ambri-Piotta;Stürmer;14;5;7;2;5;0;5;7;0;0;0;0
127;Schäppi Reto;ZSC Lions;Stürmer;45;5;6;6;0;0;5;6;0;0;0;0
128;Landry Eric;HC Ambri-Piotta;Stürmer;25;5;6;2;4;1;3;2;2;4;0;0
129;Di Pietro Paul;SCL Tigers;Stürmer;17;5;5;2;3;0;4;5;1;0;0;0
130;Preissing Tom;EHC Biel;Verteidiger;29;5;2;1;1;1;3;1;2;1;0;0
131;McLean Brett;HC Lugano;Stürmer;10;5;1;0;1;1;4;1;0;0;1;0
132;Hofmann Gregory;HC Ambri-Piotta;Stürmer;34;5;1;0;1;0;5;1;0;0;0;0
133;Seger Mathias;ZSC Lions;Verteidiger;43;4;17;8;9;0;3;13;0;4;1;0
134;Birbaum Alain;Fribourg-Gottéron;Verteidiger;43;4;14;6;8;0;2;11;2;3;0;0
135;Heins Shawn;Fribourg-Gottéron;Verteidiger;39;4;12;10;2;2;3;5;1;7;0;0
136;Deruns Thomas;SC Bern;Stürmer;40;4;11;8;3;1;4;8;0;3;0;0
137;Sannitz Raffaele;HC Lugano;Stürmer;43;4;10;7;3;1;3;9;1;1;0;0
138;Ehrensperger Gianni;EHC Biel;Stürmer;49;4;9;4;5;2;3;4;1;5;0;0
139;Vauclair Julien;HC Lugano;Verteidiger;41;4;8;5;3;0;3;2;1;6;0;0
140;Botter Cédric;Fribourg-Gottéron;Stürmer;47;4;8;2;6;1;3;8;1;0;0;0
141;Geyer Cyrill;SC Rapperswil-Jona Lakers;Verteidiger;50;4;7;5;2;2;2;3;2;3;0;1
142;Randegger Flurin;Genève-Servette HC;Verteidiger;44;4;7;4;3;0;3;6;1;0;0;1
143;Du Bois Felicien;Kloten Flyers;Verteidiger;29;4;7;3;4;1;2;7;2;0;0;0
144;Jacquemet Arnaud;Kloten Flyers;Stürmer;48;4;6;4;2;1;3;6;0;0;1;0
145;Lauper Adrien;EHC Biel;Stürmer;47;4;6;2;4;2;4;6;0;0;0;0
146;Peter Emanuel;EHC Biel;Stürmer;33;4;5;4;1;0;1;4;3;1;0;0
147;Grauwiler Lukas;SC Rapperswil-Jona Lakers;Stürmer;49;4;5;3;2;0;4;3;0;2;0;0
148;Reuille Sebastien;HC Lugano;Stürmer;28;4;5;2;3;1;3;5;1;0;0;0
149;Nordgren Niklas;Kloten Flyers;Stürmer;14;4;5;1;4;2;3;2;1;3;0;0
150;Jörg Mauro;HC Lugano;Stürmer;48;4;3;3;0;0;3;3;1;0;0;0
151;Reichert Marc;SC Bern;Stürmer;40;4;3;2;1;1;4;3;0;0;0;0
152;Lammer Dominic;EV Zug;Stürmer;13;4;2;1;1;0;3;2;1;0;0;0
153;Berger Nils;SC Rapperswil-Jona Lakers;Stürmer;46;4;1;1;0;0;4;1;0;0;0;0
154;Camenzind Andreas;SC Rapperswil-Jona Lakers;Verteidiger;31;4;1;0;1;1;3;1;1;0;0;0
155;Geering Patrick;ZSC Lions;Verteidiger;47;3;15;5;10;1;3;14;0;1;0;0
156;Vampola Petr;Genève-Servette HC;Stürmer;23;3;13;6;7;2;1;11;2;2;0;0
157;Steinmann Janick;HC Davos;Stürmer;38;3;11;7;4;0;3;10;0;1;0;0
158;Westcott Duvie;Kloten Flyers;Verteidiger;36;3;10;3;7;0;3;6;0;3;0;1
159;Popovic Mark;SCL Tigers;Verteidiger;24;3;9;2;7;0;2;6;1;3;0;0
160;Genazzi Joël;SCL Tigers;Verteidiger;50;3;8;3;5;0;1;4;2;4;0;0
161;Murphy Cory;ZSC Lions;Verteidiger;24;3;7;5;2;0;2;4;1;3;0;0
162;Rizzi Sandro;HC Davos;Verteidiger;28;3;7;4;3;2;3;5;0;1;0;1
163;Rivera Christopher;Genève-Servette HC;Stürmer;45;3;7;3;4;1;2;5;1;2;0;0
164;McCarthy Steve;ZSC Lions;Verteidiger;27;3;7;2;5;0;3;4;0;3;0;0
165;Oppliger Patrick;EV Zug;Stürmer;49;3;6;2;4;0;2;6;0;0;1;0
166;Afanasenkov Dmitry;Fribourg-Gottéron;Stürmer;14;3;5;3;2;0;2;3;1;2;0;0
167;Neuenschwander Caryl;SC Bern;Stürmer;42;3;4;2;2;0;3;4;0;0;0;0
168;Gustafsson Anton;SCL Tigers;Stürmer;26;3;3;3;0;0;3;1;0;2;0;0
169;Thibaudeau Nicolas;SC Rapperswil-Jona Lakers;Stürmer;44;3;3;2;1;0;3;3;0;0;0;0
170;Kellenberger Steve;Kloten Flyers;Stürmer;22;3;3;2;1;1;2;3;0;0;1;0
171;Simion Dario;HC Lugano;Stürmer;35;3;3;1;2;0;3;3;0;0;0;0
172;Herren Yannick;Kloten Flyers;Stürmer;47;3;3;1;2;0;3;3;0;0;0;0
173;Gmür Sandro;SC Rapperswil-Jona Lakers;Verteidiger;47;3;3;0;3;0;3;3;0;0;0;0
174;Sutter Sebastian;Kloten Flyers;Stürmer;30;3;2;2;0;0;3;2;0;0;0;0
175;Scalzo Mario;SC Bern;Verteidiger;11;3;2;2;0;0;3;2;0;0;0;0
176;Maurer Marco;SC Rapperswil-Jona Lakers;Verteidiger;23;3;2;1;1;1;0;2;3;0;0;0
177;Divisek Tomas;HC Davos;Stürmer;7;3;2;1;1;0;3;2;0;0;0;0
178;Bühler Cyrill;ZSC Lions;Stürmer;49;3;2;0;2;1;3;2;0;0;0;0
179;Demuth Alain;HC Ambri-Piotta;Stürmer;26;3;1;1;0;0;3;1;0;0;0;0
180;Lüthi Simon;SCL Tigers;Verteidiger;22;3;0;0;0;0;2;0;1;0;0;0
181;Roche Travis;SC Bern;Verteidiger;25;2;13;6;7;0;2;9;0;4;0;0
182;Wichser Adrian;SC Rapperswil-Jona Lakers;Stürmer;25;2;11;7;4;0;2;4;0;7;0;0
183;Vukovic Daniel;Genève-Servette HC;Verteidiger;37;2;9;1;8;0;2;6;0;2;0;1
184;Von Arx Jan;HC Davos;Verteidiger;47;2;8;5;3;0;2;5;0;3;0;0
185;Cadieux Jan;Fribourg-Gottéron;Stürmer;49;2;8;5;3;1;2;8;0;0;0;0
186;Hürlimann Stefan;SC Rapperswil-Jona Lakers;Stürmer;44;2;7;5;2;0;2;6;0;0;0;1
187;Scherwey Tristan;SC Bern;Stürmer;48;2;7;4;3;0;2;7;0;0;0;0
188;Moggi Sandro;SCL Tigers;Stürmer;36;2;7;3;4;0;1;7;1;0;0;0
189;Lemm Aurelio;SC Rapperswil-Jona Lakers;Stürmer;45;2;6;5;1;0;1;6;1;0;0;0
190;Schlagenhauf Roman;HC Ambri-Piotta;Stürmer;48;2;6;3;3;1;0;5;2;1;0;0
191;Schilt Sebastian;SCL Tigers;Verteidiger;37;2;6;3;3;0;1;4;1;2;0;0
192;Helbling Timo;EV Zug;Verteidiger;45;2;6;2;4;0;2;6;0;0;0;0
193;Gerber Beat;SC Bern;Verteidiger;49;2;6;2;4;0;2;6;0;0;0;0
194;Schnyder Daniel;ZSC Lions;Verteidiger;50;2;5;3;2;0;1;4;1;1;0;0
195;Leblanc Robin;SCL Tigers;Stürmer;45;2;5;2;3;0;2;4;0;1;0;0
196;Niedermayer Rob;HC Lugano;Stürmer;14;2;4;2;2;0;1;3;0;0;1;1
197;Collenberg Franco;Fribourg-Gottéron;Verteidiger;50;2;4;1;3;1;2;4;0;0;0;0
198;Hoehener Martin;SC Bern;Verteidiger;43;2;3;3;0;1;2;3;0;0;0;0
199;Brendl Pavel;SC Rapperswil-Jona Lakers;Stürmer;17;2;3;2;1;0;2;2;0;1;0;0
200;Hartigan Mark;SC Rapperswil-Jona Lakers;Stürmer;15;2;3;1;2;1;1;3;1;0;0;0
201;Grieder Marc;EHC Biel;Verteidiger;43;2;3;1;2;0;1;2;1;1;0;0
202;Profico Leandro;HC Lugano;Verteidiger;50;2;3;0;3;1;2;3;0;0;0;0
203;Rexha Alban;SCL Tigers;Stürmer;40;2;2;2;0;0;2;2;0;0;0;0
204;Kostner Diego;HC Lugano;Stürmer;35;2;2;1;1;0;2;2;0;0;0;0
205;Zigerli Manuel;EHC Biel;Stürmer;42;2;1;1;0;1;2;1;0;0;0;0
206;Untersander Ramon;HC Davos;Verteidiger;51;2;1;1;0;1;2;1;0;0;0;0
207;Jinman Lee;HC Davos;Stürmer;4;2;1;1;0;0;2;1;0;0;0;0
208;Grassi Daniele;HC Ambri-Piotta;Stürmer;37;2;1;1;0;0;2;1;0;0;0;0
209;Bianchi Mattia;HC Ambri-Piotta;Stürmer;43;2;1;0;1;0;2;1;0;0;0;0
210;Stalder Ralph;Genève-Servette HC;Verteidiger;5;2;0;0;0;0;1;0;1;0;0;0
211;Moser Christian;SCL Tigers;Verteidiger;47;2;0;0;0;0;2;0;0;0;0;0
212;Füglister Jeffrey;Kloten Flyers;Stürmer;3;2;0;0;0;0;2;0;0;0;0;0
213;Reber Jörg;SCL Tigers;Verteidiger;42;1;16;7;9;0;1;6;0;10;0;0
214;Jobin David;SC Bern;Verteidiger;42;1;14;8;6;1;0;9;1;5;0;0
215;Grossmann Robin;HC Davos;Verteidiger;44;1;11;3;8;0;1;8;0;3;0;0
216;Wellinger Thomas;EHC Biel;Verteidiger;36;1;9;4;5;0;1;2;0;7;0;0
217;Hendry Jordan;HC Lugano;Verteidiger;29;1;9;4;5;0;0;6;1;3;0;0
218;Ulmer Stefan;HC Lugano;Verteidiger;44;1;8;8;0;0;1;7;0;0;0;1
219;Ramholt Tim;HC Davos;Verteidiger;50;1;8;5;3;0;0;6;1;1;0;1
220;Schommer Patrick;ZSC Lions;Stürmer;40;1;7;5;2;0;1;7;0;0;0;0
221;Erni Samuel;EV Zug;Verteidiger;46;1;7;3;4;1;1;7;0;0;0;0
222;Stettler Martin;SCL Tigers;Verteidiger;47;1;7;2;5;0;1;1;0;6;0;0
223;Barinka Michal;Fribourg-Gottéron;Verteidiger;39;1;6;4;2;0;1;5;0;1;0;0
224;Schelling Philippe;Kloten Flyers;Verteidiger;50;1;5;5;0;0;1;5;0;0;0;0
225;Back Rene;HC Davos;Verteidiger;43;1;5;4;1;0;1;4;0;0;0;1
226;Wetzel Philipp;EHC Biel;Stürmer;43;1;5;2;3;0;1;5;0;0;0;0
227;Sieber Lukas;HC Davos;Stürmer;48;1;4;4;0;0;1;3;0;1;0;0
228;Westrum Erik;HC Ambri-Piotta;Stürmer;8;1;4;3;1;0;0;2;1;2;0;0
229;Kobach Reto;HC Ambri-Piotta;Verteidiger;44;1;4;3;1;0;1;4;0;0;0;0
230;Gobbi John;ZSC Lions;Verteidiger;41;1;4;3;1;0;1;4;0;0;0;0
231;Furrer Andreas;EV Zug;Verteidiger;47;1;4;3;1;0;1;4;0;0;0;0
232;Fritsche John;Genève-Servette HC;Stürmer;40;1;4;1;3;0;1;4;0;0;0;0
233;Sidler Patrick;HC Ambri-Piotta;Verteidiger;45;1;3;1;2;0;1;3;0;0;0;0
234;Kohn Ladislav;HC Ambri-Piotta;Stürmer;8;1;3;0;3;0;1;1;0;2;0;0
235;Joggi Mathias;HC Davos;Stürmer;33;1;2;2;0;1;1;2;0;0;0;0
236;Gerber Roland;Genève-Servette HC;Stürmer;46;1;2;2;0;0;1;2;0;0;0;0
237;Burki Codey;HC Lugano;Stürmer;13;1;2;2;0;0;1;2;0;0;0;0
238;Brunner Adrian;SC Bern;Stürmer;22;1;2;2;0;0;1;2;0;0;0;0
239;Brügger Sandro;Fribourg-Gottéron;Stürmer;38;1;2;2;0;0;1;2;0;0;0;0
240;Keller Samuel;Kloten Flyers;Stürmer;28;1;2;1;1;0;1;2;0;0;0;0
241;Gerber Lukas;Fribourg-Gottéron;Verteidiger;32;1;2;1;1;0;1;2;0;0;0;0
242;Geiger Marc;SC Rapperswil-Jona Lakers;Verteidiger;45;1;2;1;1;0;1;2;0;0;0;0
243;Casserini Giacomo;HC Ambri-Piotta;Verteidiger;43;1;2;1;1;0;1;2;0;0;0;0
244;Camichel Corsin;HC Davos;Stürmer;29;1;2;1;1;0;1;2;0;0;0;0
245;Kuonen Raphael;HC Davos;Stürmer;28;1;2;0;2;1;1;2;0;0;0;0
246;Gloor Kevin;EHC Biel;Verteidiger;15;1;2;0;2;0;1;2;0;0;0;0
247;Neff Claudio;SCL Tigers;Stürmer;11;1;1;1;0;0;1;1;0;0;0;0
248;McDonell Kent;SC Rapperswil-Jona Lakers;Stürmer;10;1;1;1;0;0;1;1;0;0;0;0
249;Welti Marc;SC Rapperswil-Jona Lakers;Verteidiger;15;1;1;0;1;0;1;1;0;0;0;0
250;Schneeberger Noah;Genève-Servette HC;Verteidiger;23;1;1;0;1;0;0;1;0;0;1;0
251;Ryser Sven;ZSC Lions;Stürmer;29;1;1;0;1;0;1;1;0;0;0;0
252;Fritsche Dan;Genève-Servette HC;Stürmer;14;1;1;0;1;1;1;0;0;1;0;0
253;Wüst Philipp;SCL Tigers;Stürmer;2;1;0;0;0;1;1;0;0;0;0;0
254;Stoop Lukas;HC Davos;Verteidiger;41;1;0;0;0;0;1;0;0;0;0;0
255;Schulthess Marc;HC Ambri-Piotta;Verteidiger;35;1;0;0;0;0;1;0;0;0;0;0
256;Savary Jean;Genève-Servette HC;Stürmer;26;1;0;0;0;0;1;0;0;0;0;0
257;Nüssli Thomas;SCL Tigers;Stürmer;4;1;0;0;0;0;0;0;1;0;0;0
258;Müller Mirco;Kloten Flyers;Verteidiger;7;1;0;0;0;0;1;0;0;0;0;0
259;Augsburger Gaëtan;Genève-Servette HC;Stürmer;2;1;0;0;0;0;1;0;0;0;0;0
260;Trunz Adrian;HC Ambri-Piotta;Verteidiger;47;0;16;9;7;0;0;7;0;9;0;0
261;Huguenin Anthony;EHC Biel;Verteidiger;50;0;15;8;7;0;0;10;0;5;0;0
262;Hänni Andreas;SC Bern;Verteidiger;35;0;12;5;7;0;0;11;0;1;0;0
263;Hollenstein Denis;Kloten Flyers;Stürmer;15;0;10;9;1;0;0;7;0;3;0;0
264;Ngoy Michael;Fribourg-Gottéron;Verteidiger;50;0;10;2;8;0;0;8;0;2;0;0
265;Abplanalp Marc;Fribourg-Gottéron;Verteidiger;46;0;8;4;4;0;0;8;0;0;0;0
266;Kienzle Lorenz;HC Lugano;Verteidiger;50;0;7;4;3;0;0;7;0;0;0;0
267;Fischer Patrick;EV Zug;Verteidiger;50;0;7;4;3;0;0;2;0;5;0;0
268;Blaser Yannick;EV Zug;Verteidiger;50;0;7;2;5;0;0;4;0;2;0;1
269;Hecquefeuille Kevin;Genève-Servette HC;Verteidiger;20;0;6;4;2;0;0;4;0;2;0;0
270;Berger Sven;Kloten Flyers;Verteidiger;42;0;6;3;3;0;0;5;0;1;0;0
271;Kinrade Geoff;SC Bern;Verteidiger;7;0;4;3;1;0;0;4;0;0;0;0
272;Fröhlicher Joel;EHC Biel;Verteidiger;47;0;4;3;1;0;0;3;0;1;0;0
273;Müller Pascal;HC Ambri-Piotta;Verteidiger;36;0;4;1;3;0;0;3;0;1;0;0
274;Gautschi Marc;Genève-Servette HC;Verteidiger;43;0;4;1;3;0;0;3;0;1;0;0
275;Lindemann Kim;SCL Tigers;Verteidiger;50;0;3;2;1;0;0;3;0;0;0;0
276;Niinimaa Janne;SC Rapperswil-Jona Lakers;Verteidiger;20;0;3;1;2;0;0;1;0;2;0;0
277;Lardi Federico;SCL Tigers;Verteidiger;48;0;3;1;2;0;0;3;0;0;0;0
278;Sindel Jakub;Kloten Flyers;-;5;0;2;2;0;0;0;2;0;0;0;0
279;Schlumpf Dominik;HC Lugano;Verteidiger;17;0;2;2;0;0;0;2;0;0;0;0
280;Guggisberg Peter;HC Davos;Stürmer;10;0;2;2;0;0;0;1;0;1;0;0
281;Guerra Samuel;HC Davos;Verteidiger;46;0;2;2;0;0;0;2;0;0;0;0
282;Gossweiler Manuel;EHC Biel;Verteidiger;50;0;2;2;0;0;0;2;0;0;0;0
283;Ziegler Thomas;ZSC Lions;Stürmer;36;0;2;1;1;0;0;2;0;0;0;0
284;Randegger Gian-Andrea;Genève-Servette HC;Verteidiger;49;0;2;1;1;0;0;1;0;1;0;0
285;Marti Christian;Kloten Flyers;Verteidiger;41;0;2;1;1;0;0;2;0;0;0;0
286;Mäder Stefan;SCL Tigers;Stürmer;12;0;2;1;1;0;0;2;0;0;0;0
287;Kolnik Juraj;ZSC Lions;Stürmer;6;0;2;1;1;0;0;2;0;0;0;0
288;Berthon Eliot;Genève-Servette HC;Stürmer;27;0;2;1;1;0;0;2;0;0;0;0
289;Zyuzin Andrei;EHC Biel;Verteidiger;13;0;2;0;2;0;0;1;0;1;0;0
290;Morant Johan;SC Bern;Verteidiger;18;0;2;0;2;0;0;2;0;0;0;0
291;Büsser Thomas;SC Rapperswil-Jona Lakers;Verteidiger;44;0;2;0;2;0;0;2;0;0;0;0
292;Stucki Christian;HC Ambri-Piotta;Stürmer;16;0;1;1;0;0;0;1;0;0;0;0
293;Neuenschwander Jan;HC Davos;Stürmer;23;0;1;1;0;0;0;1;0;0;0;0
294;Neher Lars;Kloten Flyers;Stürmer;12;0;1;1;0;0;0;1;0;0;0;0
295;Lüssy Silvan;Fribourg-Gottéron;Stürmer;45;0;1;1;0;0;0;1;0;0;0;0
296;Guerra Uinter;HC Ambri-Piotta;Verteidiger;23;0;1;1;0;0;0;1;0;0;0;0
297;Bucher Tim;SC Rapperswil-Jona Lakers;Verteidiger;16;0;1;1;0;0;0;1;0;0;0;0
298;Brem Fabian;SCL Tigers;Stürmer;2;0;1;1;0;0;0;1;0;0;0;0
299;Antonietti Eliot;Genève-Servette HC;Verteidiger;16;0;1;1;0;0;0;1;0;0;0;0
300;Winkler Benjamin;Kloten Flyers;Verteidiger;37;0;1;0;1;0;0;1;0;0;0;0
301;Stoffel Andri;ZSC Lions;Verteidiger;49;0;1;0;1;0;0;1;0;0;0;0
302;Steinegger Martin;EHC Biel;Verteidiger;26;0;1;0;1;0;0;0;0;1;0;0
303;Siren Niki;SC Rapperswil-Jona Lakers;Verteidiger;15;0;1;0;1;0;0;1;0;0;0;0
304;Rossi Matthias;EV Zug;Stürmer;22;0;1;0;1;0;0;1;0;0;0;0
305;Ranov Anton;HC Davos;Stürmer;11;0;1;0;1;0;0;0;0;0;0;1
306;Pivron Pierrick;Genève-Servette HC;Stürmer;36;0;1;0;1;0;0;1;0;0;0;0
307;Nodari Matteo;HC Lugano;Verteidiger;49;0;1;0;1;0;0;1;0;0;0;0
308;Neukom Benjamin;SC Rapperswil-Jona Lakers;Stürmer;21;0;1;0;1;0;0;1;0;0;0;0
309;Murovic Mirko;HC Ambri-Piotta;Stürmer;20;0;1;0;1;0;0;0;0;1;0;0
310;Incir Ivan;HC Ambri-Piotta;Stürmer;14;0;1;0;1;0;0;1;0;0;0;0
311;Blatter Florian;HC Lugano;Verteidiger;48;0;1;0;1;0;0;0;0;1;0;0
312;Baltisberger Chris;ZSC Lions;Stürmer;11;0;1;0;1;0;0;1;0;0;0;0
313;Zubler Patrick;EV Zug;Verteidiger;1;0;0;0;0;0;0;0;0;0;0;0
314;Wyss Silvan;EHC Biel;Stürmer;1;0;0;0;0;0;0;0;0;0;0;0
315;Willi Lukas;HC Davos;Stürmer;7;0;0;0;0;0;0;0;0;0;0;0
316;Widmer Steven;ZSC Lions;Stürmer;1;0;0;0;0;0;0;0;0;0;0;0
317;Vermeille Mike;Genève-Servette HC;Verteidiger;14;0;0;0;0;0;0;0;0;0;0;0
318;Ulmann Tim;ZSC Lions;Stürmer;11;0;0;0;0;0;0;0;0;0;0;0
319;Tschannen Stefan;EHC Biel;Stürmer;1;0;0;0;0;0;0;0;0;0;0;0
320;Thöny Gian-Andrea;SC Rapperswil-Jona Lakers;Stürmer;2;0;0;0;0;0;0;0;0;0;0;0
321;Thaler Marco;SC Rapperswil-Jona Lakers;Verteidiger;1;0;0;0;0;0;0;0;0;0;0;0
322;Stoller Loris;EHC Biel;Stürmer;1;0;0;0;0;0;0;0;0;0;0;0
323;Steiner Nicholas;Kloten Flyers;Verteidiger;7;0;0;0;0;0;0;0;0;0;0;0
324;Steiner Adrian;SCL Tigers;Stürmer;1;0;0;0;0;0;0;0;0;0;0;0
325;Spinner Sandro;SC Rapperswil-Jona Lakers;Stürmer;1;0;0;0;0;0;0;0;0;0;0;0
326;Sertich Marty;HC Lugano;Stürmer;2;0;0;0;0;0;0;0;0;0;0;0
327;Schwarzenbach Diego;SCL Tigers;Stürmer;2;0;0;0;0;0;0;0;0;0;0;0
328;Schneuwly Cédric;EV Zug;Stürmer;6;0;0;0;0;0;0;0;0;0;0;0
329;Schmutz Julian;SC Bern;Stürmer;3;0;0;0;0;0;0;0;0;0;0;0
330;Schlapbach Remo;SCL Tigers;Stürmer;4;0;0;0;0;0;0;0;0;0;0;0
331;Schefer Philipp;HC Davos;Verteidiger;2;0;0;0;0;0;0;0;0;0;0;0
332;Rüegg Marc;Kloten Flyers;Verteidiger;2;0;0;0;0;0;0;0;0;0;0;0
333;Rouiller Anthony;EHC Biel;Verteidiger;10;0;0;0;0;0;0;0;0;0;0;0
334;Ronchetti Massimo;HC Davos;Verteidiger;3;0;0;0;0;0;0;0;0;0;0;0
335;Pivron Victor;Genève-Servette HC;Stürmer;2;0;0;0;0;0;0;0;0;0;0;0
336;Oudelet Jimmy;SC Bern;Verteidiger;2;0;0;0;0;0;0;0;0;0;0;0
337;Orellana Kewin;SC Bern;Verteidiger;1;0;0;0;0;0;0;0;0;0;0;0
338;Müller Marco;SC Bern;Stürmer;1;0;0;0;0;0;0;0;0;0;0;0
339;Montandon Arnaud;Fribourg-Gottéron;Stürmer;2;0;0;0;0;0;0;0;0;0;0;0
340;Mezulis Martins;SC Rapperswil-Jona Lakers;Verteidiger;1;0;0;0;0;0;0;0;0;0;0;0
341;Mettler Thomas;Kloten Flyers;Verteidiger;4;0;0;0;0;0;0;0;0;0;0;0
342;Merola Melvin;Fribourg-Gottéron;Stürmer;9;0;0;0;0;0;0;0;0;0;0;0
343;Meier Trevor;HC Ambri-Piotta;Stürmer;14;0;0;0;0;0;0;0;0;0;0;0
344;Meier Dominic;SC Bern;Verteidiger;29;0;0;0;0;0;0;0;0;0;0;0
345;Mayolani Fabrizio;HC Davos;Stürmer;1;0;0;0;0;0;0;0;0;0;0;0
346;May Sandro;ZSC Lions;Verteidiger;2;0;0;0;0;0;0;0;0;0;0;0
347;Marzan Nicolas;SC Rapperswil-Jona Lakers;Verteidiger;28;0;0;0;0;0;0;0;0;0;0;0
348;Lüthi Valentin;SCL Tigers;Verteidiger;6;0;0;0;0;0;0;0;0;0;0;0
349;Leuenberger Kaj;EHC Biel;Stürmer;12;0;0;0;0;0;0;0;0;0;0;0
350;Leonelli Nicolas;Genève-Servette HC;Stürmer;9;0;0;0;0;0;0;0;0;0;0;0
351;Leeger Larri;Genève-Servette HC;Verteidiger;2;0;0;0;0;0;0;0;0;0;0;0
352;Küng Vincenzo;HC Davos;Stürmer;1;0;0;0;0;0;0;0;0;0;0;0
353;Koch Harrison;SC Rapperswil-Jona Lakers;Stürmer;2;0;0;0;0;0;0;0;0;0;0;0
354;Keller Ronny;SC Rapperswil-Jona Lakers;Verteidiger;5;0;0;0;0;0;0;0;0;0;0;0
355;Incir Patrick;HC Ambri-Piotta;Stürmer;1;0;0;0;0;0;0;0;0;0;0;0
356;Hüsler Yannick;ZSC Lions;Stürmer;3;0;0;0;0;0;0;0;0;0;0;0
357;Hüsler Cedric;SC Rapperswil-Jona Lakers;Stürmer;4;0;0;0;0;0;0;0;0;0;0;0
358;Horava Miloslav;Genève-Servette HC;Stürmer;6;0;0;0;0;0;0;0;0;0;0;0
359;Holinger Fadri;HC Davos;Stürmer;15;0;0;0;0;0;0;0;0;0;0;0
360;Hoffmann Luka;Kloten Flyers;Stürmer;9;0;0;0;0;0;0;0;0;0;0;0
361;Gruber Dario;HC Davos;Stürmer;2;0;0;0;0;0;0;0;0;0;0;0
362;Grassi Andrea;HC Lugano;Stürmer;6;0;0;0;0;0;0;0;0;0;0;0
363;Girard Jérémy;Genève-Servette HC;Stürmer;2;0;0;0;0;0;0;0;0;0;0;0
364;Gerber Florin;EHC Biel;Stürmer;16;0;0;0;0;0;0;0;0;0;0;0
365;Gailland Jérémy;Fribourg-Gottéron;Stürmer;11;0;0;0;0;0;0;0;0;0;0;0
366;El Assaoui Sami;ZSC Lions;Verteidiger;1;0;0;0;0;0;0;0;0;0;0;0
367;Dotti Isacco;HC Ambri-Piotta;Verteidiger;2;0;0;0;0;0;0;0;0;0;0;0
368;Dal Pian Giacomo;HC Lugano;Stürmer;2;0;0;0;0;0;0;0;0;0;0;0
369;Chabada Martin;EHC Biel;Stürmer;2;0;0;0;0;0;0;0;0;0;0;0
370;Camperchioli Luca;ZSC Lions;Verteidiger;19;0;0;0;0;0;0;0;0;0;0;0
371;Bonnet Julien;HC Ambri-Piotta;Verteidiger;2;0;0;0;0;0;0;0;0;0;0;0
372;Beutler Pierrick;Fribourg-Gottéron;Stürmer;4;0;0;0;0;0;0;0;0;0;0;0
373;Barbezat Paul;Fribourg-Gottéron;Verteidiger;5;0;0;0;0;0;0;0;0;0;0;0
374;Balmelli Lukas;HC Lugano;Stürmer;4;0;0;0;0;0;0;0;0;0;0;0
375;Bagnoud Christopher;Kloten Flyers;Verteidiger;1;0;0;0;0;0;0;0;0;0;0;0
376;Antonietti Benjamin;Genève-Servette HC;Stürmer;5;0;0;0;0;0;0;0;0;0;0;0
377;Amstutz Reto;SC Bern;Stürmer;1;0;0;0;0;0;0;0;0;0;0;0
