R;Spieler;Team;Pos;GP;G;SOG;S%;SOG/GP
1;Earl Robbie;SC Rapperswil-Jona Lakers;Stürmer;48;22;200;11;4.17
2;Dupont Micki;Kloten Flyers;Verteidiger;49;7;166;4.22;3.39
3;Pouliot Marc-Antoine;EHC Biel;Stürmer;48;9;160;5.62;3.33
4;Brunner Damien;EV Zug;Stürmer;33;25;156;16.03;4.73
5;Bezina Goran;Genève-Servette HC;Verteidiger;46;10;154;6.49;3.35
6;Hollenstein Denis;Kloten Flyers;Stürmer;48;12;148;8.11;3.08
7;Plüss Martin;SC Bern;Stürmer;50;18;146;12.33;2.92
8;Wick Roman;ZSC Lions;Stürmer;42;15;145;10.34;3.45
9;Williams Jason;HC Ambri-Piotta;Stürmer;47;26;139;18.71;2.96
10;Pelletier Pascal;SCL Tigers;Stürmer;46;19;138;13.77;3.00
11;Micflikier Jacob;EHC Biel;Stürmer;48;21;136;15.44;2.83
12;Heikkinen Ilkka;HC Lugano;Verteidiger;44;14;133;10.53;3.02
13;Holden Josh;EV Zug;Stürmer;50;18;132;13.64;2.64
14;McLean Brett;HC Lugano;Stürmer;50;13;130;10;2.60
15;Noreau Maxim;HC Ambri-Piotta;Verteidiger;45;10;128;7.81;2.84
16;Jenni Marcel;Kloten Flyers;Stürmer;46;11;128;8.59;2.78
17;Metropolit Glen;HC Lugano;Stürmer;50;20;126;15.87;2.52
18;Rüthemann Ivo;SC Bern;Stürmer;50;8;124;6.45;2.48
19;Omark Linus;EV Zug;Stürmer;48;17;124;13.71;2.58
20;Gardner Ryan;SC Bern;Stürmer;50;25;124;20.16;2.48
21;Bärtschi Patrik;ZSC Lions;Stürmer;50;12;124;9.68;2.48
22;Seguin Tyler;EHC Biel;Stürmer;29;25;123;20.33;4.24
23;Pestoni Inti;HC Ambri-Piotta;Stürmer;43;9;123;7.32;2.86
24;Sprunger Julien;Fribourg-Gottéron;Stürmer;32;19;122;15.57;3.81
25;Bürgler Dario;HC Davos;Stürmer;49;22;121;18.18;2.47
26;Gamache Simon;Fribourg-Gottéron;Stürmer;45;15;119;12.61;2.64
27;Stancescu Victor;Kloten Flyers;Stürmer;43;13;118;11.02;2.74
28;Vauclair Julien;HC Lugano;Verteidiger;47;7;117;5.98;2.49
29;Froidevaux Etienne;SCL Tigers;Stürmer;42;8;115;6.96;2.74
30;Park Richard;HC Ambri-Piotta;Stürmer;48;9;114;7.89;2.38
31;Keller Ryan;Genève-Servette HC;Stürmer;46;12;113;10.62;2.46
32;Bieber Matthias;Kloten Flyers;Stürmer;45;12;113;10.62;2.51
33;Mauldin Greg;Fribourg-Gottéron;Stürmer;39;13;111;11.71;2.85
34;Hofmann Gregory;HC Davos;Stürmer;49;16;111;14.41;2.27
35;Suri Reto;EV Zug;Stürmer;46;14;110;12.73;2.39
36;Shannon Ryan;ZSC Lions;Stürmer;42;12;110;10.91;2.62
37;Wieser Dino;HC Davos;Stürmer;49;14;108;12.96;2.20
38;Ritchie Byron;SC Bern;Stürmer;46;19;108;17.59;2.35
39;Monnet Thibaut;ZSC Lions;Stürmer;50;18;107;16.82;2.14
40;Bodenmann Simon;Kloten Flyers;Stürmer;49;15;107;14.02;2.18
41;Weber Yannick;Genève-Servette HC;Verteidiger;32;5;106;4.72;3.31
42;Tavares John;SC Bern;Stürmer;28;17;106;16.04;3.79
43;Kwiatkowski Joel;Fribourg-Gottéron;Verteidiger;46;14;106;13.21;2.30
44;McLean Kurtis;SCL Tigers;Stürmer;46;7;105;6.67;2.28
45;Santala Tommi;Kloten Flyers;Stürmer;45;11;104;10.58;2.31
46;Mercier Jonathan;Genève-Servette HC;Verteidiger;49;3;103;2.91;2.10
47;Rytz Philippe;SCL Tigers;Verteidiger;50;3;101;2.97;2.02
48;Romy Kevin;Genève-Servette HC;Stürmer;50;15;101;14.85;2.02
49;Riesen Michel;SC Rapperswil-Jona Lakers;Stürmer;47;13;101;12.87;2.15
50;Genazzi Joël;SCL Tigers;Verteidiger;41;9;101;8.91;2.46
51;Ambühl Andres;ZSC Lions;Stürmer;45;19;100;19;2.22
52;Sejna Peter;SC Rapperswil-Jona Lakers;Stürmer;47;20;99;20.20;2.11
53;Streit Mark;SC Bern;Verteidiger;32;7;98;7.14;3.06
54;Plüss Benny;Fribourg-Gottéron;Stürmer;50;16;98;16.33;1.96
55;Bykov Andrey;Fribourg-Gottéron;Stürmer;46;13;97;13.40;2.11
56;Ruefenacht Thomas;HC Lugano;Stürmer;40;14;96;14.58;2.40
57;Murray Jordan;HC Lugano;Stürmer;50;5;96;5.21;1.92
58;Zetterberg Henrik;EV Zug;Stürmer;23;16;94;17.02;4.09
59;Blum Eric-Ray;Kloten Flyers;Verteidiger;45;5;94;5.32;2.09
60;Schelling Philippe;Kloten Flyers;Verteidiger;50;8;93;8.60;1.86
61;Moser Simon;SCL Tigers;Stürmer;35;10;93;10.75;2.66
62;Casutt Corsin;EV Zug;Stürmer;48;10;93;10.75;1.94
63;Wellinger Thomas;EHC Biel;Verteidiger;45;2;92;2.17;2.04
64;Kutlak Zdenek;HC Ambri-Piotta;Verteidiger;45;1;92;1.09;2.04
65;Kostner Diego;HC Lugano;Stürmer;50;6;92;6.52;1.84
66;Tschantré Mathieu;EHC Biel;Stürmer;50;14;91;15.38;1.82
67;Vermin Joël;SC Bern;Stürmer;47;13;89;14.61;1.89
68;Seger Mathias;ZSC Lions;Verteidiger;50;9;89;10.11;1.78
69;Bucher Tobias;SCL Tigers;Stürmer;49;4;89;4.49;1.82
70;Sykora Petr;HC Davos;Stürmer;32;16;88;18.18;2.75
71;Pedretti Marco;HC Ambri-Piotta;Stürmer;49;13;88;14.77;1.80
72;Kinrade Geoff;SC Bern;Verteidiger;50;8;88;9.09;1.76
73;Thibaudeau Nicolas;SC Rapperswil-Jona Lakers;Stürmer;47;4;87;4.60;1.85
74;Kane Patrick;EHC Biel;Stürmer;20;13;86;15.12;4.30
75;Spezza Jason;SC Rapperswil-Jona Lakers;Stürmer;28;9;85;10.59;3.04
76;Loeffel Romain;Fribourg-Gottéron;Verteidiger;34;3;85;3.53;2.50
77;Furrer Philippe;SC Bern;Verteidiger;36;0;85;0;2.36
78;Wieser Marc;EHC Biel;Stürmer;50;13;84;15.48;1.68
79;Reichert Marc;HC Ambri-Piotta;Stürmer;50;10;84;11.90;1.68
80;Mieville Alain;HC Ambri-Piotta;Stürmer;50;13;84;15.48;1.68
81;Simek Juraj;Genève-Servette HC;Stürmer;50;20;83;24.10;1.66
82;Sciaroni Gregory;HC Davos;Stürmer;49;13;83;15.66;1.69
83;Kellenberger Steve;EHC Biel;Stürmer;50;5;83;6.02;1.66
84;Bastl Mark;ZSC Lions;Stürmer;45;8;83;9.64;1.84
85;Rizzello Antonio;SC Rapperswil-Jona Lakers;Stürmer;50;8;82;9.76;1.64
86;Meier Dominic;EHC Biel;Verteidiger;42;1;82;1.22;1.95
87;Haas Gaëtan;EHC Biel;Stürmer;49;2;82;2.44;1.67
88;Cunti Luca;ZSC Lions;Stürmer;44;10;82;12.20;1.86
89;Heins Shawn;Fribourg-Gottéron;Verteidiger;36;1;81;1.23;2.25
90;Martschini Lino;EV Zug;Stürmer;39;17;80;21.25;2.05
91;Geering Patrick;ZSC Lions;Verteidiger;50;6;80;7.5;1.60
92;Dubé Christian;Fribourg-Gottéron;Stürmer;48;13;80;16.25;1.67
93;Von Arx Reto;HC Davos;Stürmer;42;11;79;13.92;1.88
94;Duca Paolo;HC Ambri-Piotta;Stürmer;49;4;79;5.06;1.61
95;Von Gunten Patrick;Kloten Flyers;Verteidiger;35;5;78;6.41;2.23
96;Sbisa Luca;HC Lugano;Verteidiger;30;5;78;6.41;2.60
97;Nash Rick;HC Davos;Stürmer;17;12;78;15.38;4.59
98;Leblanc Robin;SCL Tigers;Stürmer;48;8;78;10.26;1.62
99;Steiner Daniel;HC Lugano;Stürmer;41;9;77;11.69;1.88
100;Rubin Daniel;SC Bern;Stürmer;48;1;77;1.30;1.60
101;Forster Beat;HC Davos;Verteidiger;35;4;77;5.19;2.20
102;Reber Jörg;SCL Tigers;Verteidiger;44;3;76;3.95;1.73
103;Chiesa Alessandro;EV Zug;Verteidiger;50;3;76;3.95;1.52
104;Steinmann Janick;HC Davos;Stürmer;49;5;75;6.67;1.53
105;Maurer Marco;ZSC Lions;Verteidiger;50;4;75;5.33;1.50
106;Kolnik Juraj;SC Rapperswil-Jona Lakers;Stürmer;33;10;75;13.33;2.27
107;Jobin David;SC Bern;Verteidiger;46;2;75;2.67;1.63
108;Herren Yannick;Kloten Flyers;Stürmer;47;4;75;5.33;1.60
109;Geyer Cyrill;SC Rapperswil-Jona Lakers;Verteidiger;40;2;75;2.67;1.88
110;Couture Logan;Genève-Servette HC;Stürmer;22;7;74;9.46;3.36
111;Berger Pascal;SC Bern;Stürmer;50;7;74;9.46;1.48
112;Ulmer Stefan;HC Lugano;Verteidiger;48;2;73;2.74;1.52
113;Grossmann Robin;HC Davos;Verteidiger;46;3;73;4.11;1.59
114;Fritsche Dan;Genève-Servette HC;Stürmer;43;16;73;21.92;1.70
115;Burkhalter Loic;SC Rapperswil-Jona Lakers;Stürmer;48;8;73;10.96;1.52
116;Scherwey Tristan;SC Bern;Stürmer;50;6;72;8.33;1.44
117;Reuille Sebastien;HC Lugano;Stürmer;50;10;72;13.89;1.44
118;Josi Roman;SC Bern;Verteidiger;26;6;72;8.33;2.77
119;Schnyder Fabian;EV Zug;Stürmer;47;4;71;5.63;1.51
120;Diaz Raphael;EV Zug;Verteidiger;32;7;71;9.86;2.22
121;Almond Cody;Genève-Servette HC;Stürmer;39;8;71;11.27;1.82
122;Rivera Christopher;Genève-Servette HC;Stürmer;50;7;70;10;1.40
123;Fata Rico;Genève-Servette HC;Stürmer;41;8;70;11.43;1.71
124;Lundberg Emil;Kloten Flyers;Stürmer;33;6;69;8.70;2.09
125;Lüthi Simon;SCL Tigers;Verteidiger;50;2;68;2.94;1.36
126;Knoepfli Michael;Fribourg-Gottéron;Stürmer;49;10;68;14.71;1.39
127;Gobbi John;HC Ambri-Piotta;Verteidiger;48;1;68;1.47;1.42
128;Ehrensperger Gianni;EHC Biel;Stürmer;49;4;68;5.88;1.39
129;Du Bois Felicien;Kloten Flyers;Verteidiger;26;1;68;1.47;2.62
130;Bergeron Patrice;HC Lugano;Stürmer;21;11;68;16.18;3.24
131;Lammer Dominic;EV Zug;Stürmer;40;7;66;10.61;1.65
132;Wozniewski Andy;EV Zug;Verteidiger;35;3;65;4.62;1.86
133;Vauclair Tristan;Fribourg-Gottéron;Stürmer;50;4;65;6.15;1.30
134;Thornton Joe;HC Davos;Stürmer;33;12;65;18.46;1.97
135;Marha Josef;HC Davos;Stürmer;45;4;65;6.15;1.44
136;Huguenin Anthony;EHC Biel;Verteidiger;41;3;65;4.62;1.59
137;Berger Sven;SC Rapperswil-Jona Lakers;Verteidiger;43;1;65;1.54;1.51
138;Roche Travis;SC Bern;Verteidiger;31;5;64;7.81;2.06
139;Danielsson Nicklas;SC Bern;Stürmer;23;4;64;6.25;2.78
140;Ryser Sven;HC Davos;Stürmer;48;6;63;9.52;1.31
141;Peter Emanuel;EHC Biel;Stürmer;49;6;63;9.52;1.29
142;Kenins Ronalds;ZSC Lions;Stürmer;45;3;63;4.76;1.40
143;Beaudoin Eric;EHC Biel;Stürmer;30;10;63;15.87;2.10
144;Schlagenhauf Roman;HC Ambri-Piotta;Stürmer;49;4;62;6.45;1.27
145;Schäppi Reto;ZSC Lions;Stürmer;50;5;62;8.06;1.24
146;Ramholt Tim;HC Davos;Verteidiger;50;2;62;3.23;1.24
147;Hürlimann Stefan;SC Rapperswil-Jona Lakers;Stürmer;50;4;62;6.45;1.24
148;Hecquefeuille Kevin;Genève-Servette HC;Verteidiger;21;3;62;4.84;2.95
149;Conne Flavien;HC Lugano;Stürmer;48;2;62;3.23;1.29
150;Sannitz Raffaele;Kloten Flyers;Stürmer;39;5;61;8.20;1.56
151;Kparghai Clarence;EHC Biel;Verteidiger;37;0;61;0;1.65
152;Jeannin Sandy;Fribourg-Gottéron;Stürmer;31;7;61;11.48;1.97
153;Hasani Adam;Fribourg-Gottéron;Stürmer;39;7;61;11.48;1.56
154;Jörg Mauro;SC Rapperswil-Jona Lakers;Stürmer;48;4;60;6.67;1.25
155;Walser Derrick;SC Rapperswil-Jona Lakers;Verteidiger;28;4;59;6.78;2.11
156;Trutmann Dario;EHC Biel;Verteidiger;46;3;59;5.08;1.28
157;Rosa Pavel;HC Lugano;Stürmer;22;2;59;3.39;2.68
158;Helbling Timo;EV Zug;Verteidiger;48;3;59;5.08;1.23
159;Tambellini Jeff;ZSC Lions;Stürmer;27;5;58;8.62;2.15
160;Gerber Beat;SC Bern;Verteidiger;49;0;57;0;1.16
161;Schneeberger Noah;HC Davos;Verteidiger;48;2;56;3.57;1.17
162;Ngoy Michael;Fribourg-Gottéron;Verteidiger;50;2;56;3.57;1.12
163;Neukom Benjamin;SC Rapperswil-Jona Lakers;Stürmer;47;5;56;8.93;1.19
164;Lardi Federico;SCL Tigers;Verteidiger;47;1;56;1.79;1.19
165;Wetzel Philipp;EHC Biel;Stürmer;32;3;55;5.45;1.72
166;Moggi Claudio;SCL Tigers;Stürmer;44;5;55;9.09;1.25
167;Geiger Marc;SC Rapperswil-Jona Lakers;Verteidiger;49;0;54;0;1.10
168;Picard Alexandre;Genève-Servette HC;Stürmer;32;14;53;26.42;1.66
169;Walser Samuel;Kloten Flyers;Stürmer;48;7;51;13.73;1.06
170;Taticek Petr;HC Davos;Stürmer;21;5;51;9.80;2.43
171;Nodari Matteo;HC Lugano;Verteidiger;44;3;51;5.88;1.16
172;Walker Julian;Genève-Servette HC;Stürmer;45;4;50;8;1.11
173;Lüthi Fabian;EV Zug;Stürmer;46;2;50;4;1.09
174;Schilt Sebastian;Fribourg-Gottéron;Verteidiger;47;0;49;0;1.04
175;Hirschi Steve;HC Lugano;Verteidiger;21;4;48;8.33;2.29
176;Bertschy Christoph;SC Bern;Stürmer;41;4;48;8.33;1.17
177;Kamber Oliver;HC Lugano;Stürmer;49;6;47;12.77;0.96
178;Gautschi Marc;Genève-Servette HC;Verteidiger;49;1;47;2.13;0.96
179;Bednar Jaroslav;SC Bern;Stürmer;20;6;47;12.77;2.35
180;Vukovic Daniel;Genève-Servette HC;Verteidiger;50;1;46;2.17;0.92
181;Neuenschwander Caryl;SC Bern;Stürmer;48;3;46;6.52;0.96
182;Lemm Romano;Kloten Flyers;Stürmer;24;2;46;4.35;1.92
183;Jacquemet Arnaud;SCL Tigers;Stürmer;32;6;46;13.04;1.44
184;Blindenbacher Severin;ZSC Lions;Verteidiger;35;1;46;2.17;1.31
185;Bianchi Elias;HC Ambri-Piotta;Stürmer;47;5;46;10.87;0.98
186;Trunz Adrian;HC Ambri-Piotta;Verteidiger;43;4;45;8.89;1.05
187;Friedli Samuel;Genève-Servette HC;Stürmer;47;1;45;2.22;0.96
188;Domenichelli Hnat;HC Lugano;Stürmer;17;6;45;13.33;2.65
189;Camichel Duri;SC Rapperswil-Jona Lakers;Stürmer;45;6;45;13.33;1.00
190;Brown Dustin;ZSC Lions;Stürmer;16;8;45;17.78;2.81
191;Laich Brooks;Kloten Flyers;Stürmer;19;6;44;13.64;2.32
192;Lashoff Matt;ZSC Lions;Verteidiger;49;1;43;2.33;0.88
193;Gmür Sandro;SC Rapperswil-Jona Lakers;Verteidiger;50;1;43;2.33;0.86
194;Gerber Adrian;SCL Tigers;Stürmer;47;4;43;9.30;0.91
195;Brügger Sandro;Fribourg-Gottéron;Stürmer;33;6;43;13.95;1.30
196;Baltisberger Chris;ZSC Lions;Stürmer;49;2;43;4.65;0.88
197;Spurgeon Jared;SCL Tigers;Verteidiger;12;3;42;7.14;3.50
198;Simion Dario;HC Lugano;Stürmer;37;3;42;7.14;1.14
199;Randegger Gian-Andrea;Genève-Servette HC;Verteidiger;50;2;42;4.76;0.84
200;Randegger Flurin;SC Bern;Verteidiger;34;2;42;4.76;1.24
201;Botter Cédric;Fribourg-Gottéron;Stürmer;46;4;42;9.52;0.91
202;Abplanalp Marc;Fribourg-Gottéron;Verteidiger;46;0;42;0;0.91
203;Sutter Fabian;EV Zug;Stürmer;49;8;41;19.51;0.84
204;Haas Lukas;SCL Tigers;Stürmer;38;3;41;7.32;1.08
205;Christen Björn;EV Zug;Stürmer;27;2;41;4.88;1.52
206;Alatalo Santeri;HC Davos;Verteidiger;36;0;40;0;1.11
207;Trachsler Morris;ZSC Lions;Stürmer;46;6;39;15.38;0.85
208;Collenberg Franco;SC Bern;Verteidiger;43;4;39;10.26;0.91
209;Birbaum Alain;Fribourg-Gottéron;Verteidiger;50;1;39;2.56;0.78
210;Raffainer Raeto;HC Ambri-Piotta;Stürmer;38;0;38;0;1.00
211;Grieder Marc;EHC Biel;Verteidiger;35;2;37;5.41;1.06
212;Füglister Jeffrey;EHC Biel;Stürmer;34;2;37;5.41;1.09
213;Back Rene;HC Davos;Verteidiger;49;2;37;5.41;0.76
214;Schlumpf Dominik;HC Lugano;Verteidiger;50;2;36;5.56;0.72
215;Carle Mathieu;Genève-Servette HC;Verteidiger;12;0;36;0;3.00
216;Nüssli Thomas;SCL Tigers;Stürmer;17;2;35;5.71;2.06
217;Lakhmatov Vitaly;HC Ambri-Piotta;Stürmer;35;1;35;2.86;1.00
218;Joggi Mathias;HC Davos;Stürmer;44;2;35;5.71;0.80
219;Wichser Adrian;SC Rapperswil-Jona Lakers;Stürmer;41;5;34;14.71;0.83
220;Liniger Michael;Kloten Flyers;Stürmer;18;3;34;8.82;1.89
221;Fischer Patrick;EV Zug;Verteidiger;49;3;34;8.82;0.69
222;Kobach Reto;HC Ambri-Piotta;Verteidiger;36;0;33;0;0.92
223;Berger Alain;SC Bern;Stürmer;20;2;33;6.06;1.65
224;Stoop Lukas;Kloten Flyers;Verteidiger;28;2;32;6.25;1.14
225;Berger Nils;SC Rapperswil-Jona Lakers;Stürmer;38;1;32;3.12;0.84
226;Guerra Samuel;HC Davos;Verteidiger;42;2;31;6.45;0.74
227;Gossweiler Manuel;EHC Biel;Verteidiger;47;1;31;3.23;0.66
228;Rizzi Sandro;HC Davos;Verteidiger;41;3;30;10;0.73
229;Schneuwly Cédric;EV Zug;Stürmer;48;1;29;3.45;0.60
230;Rexha Alban;SCL Tigers;Stürmer;42;3;29;10.34;0.69
231;Kreps Kamil;Kloten Flyers;Stürmer;22;2;29;6.90;1.32
232;Desharnais David;Fribourg-Gottéron;Stürmer;16;4;29;13.79;1.81
233;Morant Johan;HC Lugano;Verteidiger;23;2;28;7.14;1.22
234;Gerber Roland;Genève-Servette HC;Stürmer;47;2;28;7.14;0.60
235;Brunner Adrian;SCL Tigers;Stürmer;26;1;28;3.57;1.08
236;Botta Roman;HC Ambri-Piotta;Stürmer;25;3;28;10.71;1.12
237;Schnyder Daniel;ZSC Lions;Verteidiger;49;2;27;7.41;0.55
238;Nummelin Petteri;HC Lugano;Verteidiger;11;4;27;14.81;2.45
239;Moser Christian;SCL Tigers;Verteidiger;47;1;27;3.70;0.57
240;Lindemann Kim;SCL Tigers;Verteidiger;41;1;27;3.70;0.66
241;Lauper Adrien;Fribourg-Gottéron;Stürmer;44;1;27;3.70;0.61
242;Grassi Daniele;HC Ambri-Piotta;Stürmer;22;0;27;0;1.23
243;Ennis Tyler;SCL Tigers;Stürmer;9;3;27;11.11;3.00
244;Camenzind Andreas;SC Rapperswil-Jona Lakers;Verteidiger;15;3;27;11.11;1.80
245;Profico Leandro;HC Lugano;Verteidiger;40;4;26;15.38;0.65
246;MacMurchy Ryan;EHC Biel;Stürmer;7;7;26;26.92;3.71
247;Gloor Kevin;EHC Biel;Verteidiger;38;1;26;3.85;0.68
248;Untersander Ramon;EHC Biel;Verteidiger;29;0;25;0;0.86
249;Spylo Ahren;EHC Biel;Stürmer;9;4;25;16;2.78
250;Sidler Patrick;HC Ambri-Piotta;Verteidiger;44;3;25;12;0.57
251;Furrer Andreas;EV Zug;Verteidiger;34;1;25;4;0.74
252;Fritsche John;Genève-Servette HC;Stürmer;45;3;25;12;0.56
253;Stettler Martin;SCL Tigers;Verteidiger;31;0;24;0;0.77
254;Lindemann Sven;EV Zug;Stürmer;49;2;24;8.33;0.49
255;Cadieux Jan;Fribourg-Gottéron;Stürmer;49;1;23;4.35;0.47
256;Blaser Yannick;EV Zug;Verteidiger;29;3;23;13.04;0.79
257;Popovic Mark;SCL Tigers;Verteidiger;11;1;22;4.55;2.00
258;Pacioretty Max;HC Ambri-Piotta;Stürmer;5;1;22;4.55;4.40
259;Merola Melvin;Fribourg-Gottéron;Stürmer;31;1;22;4.55;0.71
260;Deruns Thomas;SC Bern;Stürmer;26;1;22;4.55;0.85
261;Bühler Cyrill;ZSC Lions;Stürmer;39;1;22;4.55;0.56
262;Bomersback Mark;SCL Tigers;Stürmer;12;2;22;9.09;1.83
263;Antonietti Eliot;Genève-Servette HC;Verteidiger;39;0;22;0;0.56
264;Sieber Lukas;HC Davos;Stürmer;15;3;21;14.29;1.40
265;Schulthess Marc;HC Ambri-Piotta;Verteidiger;42;0;21;0;0.50
266;Neher Lars;Kloten Flyers;Stürmer;39;1;21;4.76;0.54
267;Moggi Sandro;SCL Tigers;Stürmer;20;4;21;19.05;1.05
268;Brûlé Gilbert;ZSC Lions;Stürmer;14;0;21;0;1.50
269;Steiner Nicholas;Kloten Flyers;Verteidiger;49;2;20;10;0.41
270;El Assaoui Sami;SCL Tigers;Verteidiger;14;2;20;10;1.43
271;Ehlers Nikolaj;EHC Biel;Stürmer;11;1;19;5.26;1.73
272;Corvi Enzo;HC Davos;Stürmer;31;0;19;0;0.61
273;Leone Robin;Kloten Flyers;Stürmer;30;1;18;5.56;0.60
274;Eriksson Loui;HC Davos;Stürmer;7;3;18;16.67;2.57
275;Duchene Matt;HC Ambri-Piotta;-;4;2;18;11.11;4.50
276;Zangger Sandro;ZSC Lions;Stürmer;11;0;17;0;1.55
277;Kienzle Lorenz;HC Lugano;Verteidiger;40;1;17;5.88;0.42
278;Dvorak Radek;HC Davos;Stürmer;7;3;17;17.65;2.43
279;Bonnet Julien;HC Ambri-Piotta;Verteidiger;36;1;17;5.88;0.47
280;Bianchi Mattia;HC Ambri-Piotta;Stürmer;32;4;17;23.53;0.53
281;Willsie Brian;Kloten Flyers;Stürmer;6;1;16;6.25;2.67
282;Savary Paul;Genève-Servette HC;Stürmer;25;1;16;6.25;0.64
283;Fazzini Luca;HC Lugano;Stürmer;21;2;16;12.5;0.76
284;Di Pietro Paul;HC Lugano;Stürmer;15;0;16;0;1.07
285;Zubler Patrick;EV Zug;Verteidiger;30;0;15;0;0.50
286;Weber Tim;HC Ambri-Piotta;Stürmer;34;0;15;0;0.44
287;Walsky Eric;Genève-Servette HC;Stürmer;17;1;15;6.67;0.88
288;Stoffel Andri;ZSC Lions;Verteidiger;34;0;15;0;0.44
289;Linglet Charles;HC Lugano;Stürmer;5;2;15;13.33;3.00
290;Giroux Alexandre;Kloten Flyers;Stürmer;4;3;15;20;3.75
291;Polak Vojtech;HC Davos;Stürmer;5;0;14;0;2.80
292;Pivron Pierrick;HC Lugano;Stürmer;16;2;14;14.29;0.88
293;Herzog Fabrice;EV Zug;Stürmer;20;2;14;14.29;0.70
294;Del Zotto Michael;SC Rapperswil-Jona Lakers;Verteidiger;9;2;14;14.29;1.56
295;Salmelainen Tony;Genève-Servette HC;Stürmer;7;1;13;7.69;1.86
296;Rouiller Anthony;EHC Biel;Verteidiger;11;0;12;0;1.09
297;Grauwiler Lukas;SC Bern;Stürmer;17;0;12;0;0.71
298;Gerber Lukas;Fribourg-Gottéron;Verteidiger;20;0;12;0;0.60
299;Von Arx Jan;HC Davos;Verteidiger;20;0;11;0;0.55
300;Sterchi Simon;SCL Tigers;Stürmer;26;0;11;0;0.42
301;Welti Marc;SC Rapperswil-Jona Lakers;Verteidiger;23;0;10;0;0.43
302;Ulmer Martin;EHC Biel;Stürmer;10;2;10;20;1.00
303;Lehtonen Mikko;ZSC Lions;Stürmer;6;1;10;10;1.67
304;Camichel Corsin;HC Davos;Stürmer;15;1;10;10;0.67
305;Sykora Petr;SC Bern;-;5;2;9;22.22;1.80
306;Erni Samuel;EV Zug;Verteidiger;5;0;9;0;1.80
307;Schommer Patrick;HC Davos;Stürmer;15;1;8;12.5;0.53
308;Rossi Matthias;EV Zug;Stürmer;16;0;8;0;0.50
309;Campoli Chris;EHC Biel;Verteidiger;4;0;8;0;2.00
310;Camperchioli Luca;SC Rapperswil-Jona Lakers;Verteidiger;20;1;8;12.5;0.40
311;Berthon Eliot;Genève-Servette HC;Stürmer;10;0;8;0;0.80
312;Sutter Sebastian;EHC Biel;Stürmer;21;1;7;14.29;0.33
313;Sushinsky Maxim;Fribourg-Gottéron;Stürmer;3;1;7;14.29;2.33
314;Schäublin Olivier;Fribourg-Gottéron;Verteidiger;5;1;7;14.29;1.40
315;Müller Pascal;Kloten Flyers;Verteidiger;21;0;7;0;0.33
316;McCarthy Steve;ZSC Lions;Verteidiger;8;0;7;0;0.88
317;Giroux Ray;HC Ambri-Piotta;Verteidiger;4;0;7;0;1.75
318;Frick Lukas;Kloten Flyers;Verteidiger;21;1;7;14.29;0.33
319;Dotti Isacco;HC Ambri-Piotta;Verteidiger;12;0;7;0;0.58
320;Casserini Giacomo;HC Ambri-Piotta;Verteidiger;23;1;7;14.29;0.30
321;Bagnoud Christopher;Kloten Flyers;Verteidiger;43;0;7;0;0.16
322;Winkler Benjamin;SC Rapperswil-Jona Lakers;Verteidiger;29;0;6;0;0.21
323;Thöny Gian-Andrea;SC Rapperswil-Jona Lakers;Stürmer;16;0;6;0;0.38
324;Büsser Thomas;SC Rapperswil-Jona Lakers;Verteidiger;16;0;6;0;0.38
325;Lüthi Valentin;SCL Tigers;Verteidiger;6;0;5;0;0.83
326;Lampman Bryce;SCL Tigers;Verteidiger;5;0;5;0;1.00
327;Kubina Pavel;Genève-Servette HC;Verteidiger;3;0;5;0;1.67
328;Hoffmann Luka;Kloten Flyers;Stürmer;13;0;5;0;0.38
329;Hoehener Martin;HC Ambri-Piotta;Verteidiger;8;0;5;0;0.62
330;Hänni Andreas;SC Bern;Verteidiger;21;0;5;0;0.24
331;Fretter Colton;Kloten Flyers;Stürmer;2;0;5;0;2.50
332;Loichat Michaël;SC Bern;Stürmer;5;0;4;0;0.80
333;Kreis Samuel;SC Bern;Verteidiger;7;0;4;0;0.57
334;Kamerzin Jérémie;Genève-Servette HC;Verteidiger;5;0;4;0;0.80
335;Diem Nolan;EV Zug;Stürmer;16;1;4;25;0.25
336;Widmer Steven;ZSC Lions;Stürmer;2;0;3;0;1.50
337;Schmutz Julian;SC Bern;Stürmer;5;0;3;0;0.60
338;Praplan Vincent;Kloten Flyers;Stürmer;5;0;3;0;0.60
339;Dal Pian Giacomo;HC Lugano;Stürmer;7;1;3;33.33;0.43
340;Savary Jean;Genève-Servette HC;Stürmer;12;0;2;0;0.17
341;Müller Marco;SC Bern;Stürmer;8;0;2;0;0.25
342;Marzan Nicolas;SC Rapperswil-Jona Lakers;Verteidiger;9;0;2;0;0.22
343;Gianinazzi Luca;HC Lugano;Verteidiger;4;0;2;0;0.50
344;Gerber Tom;SCL Tigers;Stürmer;5;0;2;0;0.40
345;Gähler Jorden;Kloten Flyers;Verteidiger;9;0;2;0;0.22
346;Donati Gianni;HC Ambri-Piotta;Stürmer;10;0;2;0;0.20
347;Tremblay Alexandre;ZSC Lions;Stürmer;1;0;1;0;1.00
348;Sutter Dave;Genève-Servette HC;Verteidiger;3;0;1;0;0.33
349;Schefer Philipp;EV Zug;Verteidiger;13;0;1;0;0.08
350;Sataric Rajan;EHC Biel;Verteidiger;2;0;1;0;0.50
351;Neuenschwander Jan;HC Davos;Stürmer;2;0;1;0;0.50
352;Mora Loic;Genève-Servette HC;Stürmer;2;0;1;0;0.50
353;Küng Vincenzo;HC Davos;Stürmer;1;0;1;0;1.00
354;Kast Timothy;Fribourg-Gottéron;Stürmer;1;0;1;0;1.00
355;Heldstab Beat;SC Bern;Verteidiger;1;0;1;0;1.00
356;Hächler Cedric;ZSC Lions;Verteidiger;4;1;1;100;0.25
357;Frei Lars;SC Rapperswil-Jona Lakers;Stürmer;1;0;1;0;1.00
358;Eigenmann Daniel;EHC Biel;Verteidiger;1;0;1;0;1.00
359;Blatter Florian;HC Lugano;Verteidiger;6;0;1;0;0.17
360;Zandovskis Juris;Fribourg-Gottéron;Stürmer;1;0;0;-;0.00
361;Wyss Silvan;EHC Biel;Stürmer;1;0;0;-;0.00
362;Wildhaber David;Fribourg-Gottéron;Verteidiger;3;0;0;-;0.00
363;Wenger Michael;SCL Tigers;Stürmer;3;0;0;-;0.00
364;Ulmann Tim;ZSC Lions;Stürmer;1;0;0;-;0.00
365;Schmuckli Florian;EV Zug;Verteidiger;11;0;0;-;0.00
366;Rühl Daniel;EV Zug;Verteidiger;1;0;0;-;0.00
367;Ranov Anton;HC Davos;Stürmer;2;0;0;-;0.00
368;Paschoud Claude-C.;HC Davos;Verteidiger;2;0;0;-;0.00
369;Montandon Arnaud;SCL Tigers;Stürmer;1;0;0;-;0.00
370;Leonelli Nicolas;Genève-Servette HC;Stürmer;1;0;0;-;0.00
371;Jeitziner Alexander;Fribourg-Gottéron;Verteidiger;6;0;0;-;0.00
372;Grossniklaus Tim;SC Bern;Verteidiger;2;0;0;-;0.00
373;Erb Raphael;Fribourg-Gottéron;Verteidiger;1;0;0;-;0.00
374;Dähler Florian;Fribourg-Gottéron;Stürmer;1;0;0;-;0.00
375;Cadonau Claudio;EHC Biel;Verteidiger;1;0;0;-;0.00
